time,load@tsung_controller@ip-172-31-22-251 
0,0.01171875 
10,0.01171875 
20,0.01171875 
30,0.01171875 
40,0.01171875 
50,0.01171875 
60,0.01171875 
70,0.01171875 
80,0.01171875 
90,0.01171875 
