time,connect,request 
0,2.1465714285714292,8.707615384615385 
10,1.2844375,7.802969696969695 
20,0,9.298 
30,2.1831875,9.462259259259262 
40,1.42445,8.174146341463416 
50,1.3631764705882352,8.148485714285718 
60,1.7714999999999996,8.178849315068492 
70,1.2484444444444447,8.058986486486486 
80,1.2062745098039223,8.102259615384616 
90,1.507276923076923,8.775211382113824 
