time,cpu@tsung_controller@ip-172-31-22-251 
0,1.3824906860256865 
10,0.8955223880597015 
20,0.8955223880597015 
30,0.8955223880597015 
40,0.8955223880597015 
50,0.8955223880597015 
60,0.5994005994005994 
70,0.5994005994005994 
80,0.5994005994005994 
90,0.5994005994005994 
