time,session 
0,1732.8214615384613 
10,1598.3281249999998 
20,2481.294 
30,1700.7482727272727 
40,2016.333476190476 
50,2293.5046842105266 
60,1878.9590303030302 
70,2286.6287249999996 
80,1704.9234399999998 
90,2033.6343559322036 
