time,cpu@tsung_controller@ip-172-31-22-251 
0,1.3824906860256865 
10,0.8955223880597015 
20,2.4975024975024978 
30,1.6983016983016983 
40,2.1934197407776668 
50,0.9960159362549801 
60,0.5994005994005994 
70,1.2909632571996028 
80,1.1952191235059761 
90,1.4925373134328357 
