time,connect,request 
0,2.9363905616610753,2.2904558847014096 
10,0.2823070068095194,1.0353092784825364 
20,0,0.0 
30,2.0293241553147072,3.0935574223500732 
40,0.18583042673362185,1.0211539995413514 
50,0.3139108594516299,1.152168920438531 
60,3.366955360559447,2.923137213521608 
70,0.3257848168862082,1.2302013622611854 
80,0.2372054688414437,1.4480088317515962 
90,1.2509914161630407,2.6588970824676537 
