time,cpu@tsung_controller@ip-172-31-22-251 
0,1.3824906860256865 
10,1.3824906860256865 
20,2.4975024975024978 
30,2.4975024975024978 
40,2.4975024975024978 
50,2.4975024975024978 
60,2.4975024975024978 
70,2.4975024975024978 
80,2.4975024975024978 
90,2.4975024975024978 
