time,load@tsung_controller@ip-172-31-17-70 
0,0.0703125 
10,0.05859375 
20,0.05078125 
30,0.0390625 
40,0.03125 
50,0.03125 
60,0.01953125 
70,0.01953125 
80,0.01953125 
90,0.01953125 
100,0.01953125 
110,0.01953125 
120,0.01953125 
130,0.01953125 
140,0.01953125 
150,0.01953125 
160,0.01953125 
170,0.01953125 
180,0.01953125 
190,0.01953125 
200,0.01953125 
210,0.01953125 
220,0.01953125 
224,0.01953125 
