time,load@tsung_controller@ip-172-31-17-70 
0,0.0703125 
10,0.05859375 
20,0.05078125 
30,0.0390625 
40,0.03125 
50,0.03125 
60,0.01953125 
70,0.1796875 
80,0.23046875 
90,0.19921875 
100,0.171875 
110,0.140625 
120,0.12109375 
130,0.1015625 
140,0.078125 
150,0.0703125 
160,0.05859375 
170,0.05078125 
180,0.0390625 
190,0.03125 
200,0.03125 
210,0.01953125 
220,0.01953125 
224,0.01953125 
