time,load@tsung_controller@ip-172-31-17-70 
0,0.0703125 
10,0.0703125 
20,0.0703125 
30,0.0703125 
40,0.0703125 
50,0.0703125 
60,0.0703125 
70,0.1796875 
80,0.23046875 
90,0.23046875 
100,0.23046875 
110,0.23046875 
120,0.23046875 
130,0.23046875 
140,0.23046875 
150,0.23046875 
160,0.23046875 
170,0.23046875 
180,0.23046875 
190,0.23046875 
200,0.23046875 
210,0.23046875 
220,0.23046875 
224,0.23046875 
