time,cpu@tsung_controller@ip-172-31-17-57 
0,7.068178471506406 
10,0.6979062811565304 
20,0.6979062811565304 
30,0.5 
40,0.5 
50,0.5 
60,0.5 
70,0.5 
80,0.5 
90,0.5 
100,0.5 
110,0.5 
120,0.5 
130,0.5 
140,0.4995004995004995 
