time,session 
0,0 
10,2678.0041764632238 
20,5129.211281833093 
30,1862.0270256462386 
40,3431.9355646220633 
50,4140.407051337925 
60,5698.839461260093 
70,3529.432896110209 
80,4702.217579639118 
90,2496.873272698966 
100,3744.2881363089878 
110,3832.997474207599 
120,3375.664734365589 
130,3386.321764774935 
140,5815.396537075603 
