time,page 
0,112.58857807682409 
10,97.3650147254574 
20,93.1297961411165 
30,199.24915710125305 
40,99.24061113963275 
50,104.82193875220239 
60,99.044663244911 
70,132.77094507701761 
80,121.45153747346178 
90,572.8007297618785 
100,1057.8706667310798 
110,1059.7213338579168 
120,1510.0093336023574 
130,49.226267619629404 
140,0.04870546398734161 
