time,cpu@tsung_controller@ip-172-31-17-57 
0,7.068178471506406 
10,0.6979062811565304 
20,2.8000000000000003 
30,0.5 
40,2.788844621513944 
50,0.999000999000999 
60,0.8991008991008992 
70,3.286852589641434 
80,1.2012012012012012 
90,3.0784508440913605 
100,2.68389662027833 
110,2.788844621513944 
120,4.095904095904096 
130,1.6983016983016983 
140,0.4995004995004995 
