time,cpu@tsung_controller@ip-172-31-17-57 
0,7.068178471506406 
10,7.068178471506406 
20,7.068178471506406 
30,7.068178471506406 
40,7.068178471506406 
50,7.068178471506406 
60,7.068178471506406 
70,7.068178471506406 
80,7.068178471506406 
90,7.068178471506406 
100,7.068178471506406 
110,7.068178471506406 
120,7.068178471506406 
130,7.068178471506406 
140,7.068178471506406 
