time,load@tsung_controller@ip-172-31-23-95 
0,0.0703125 
10,0.05859375 
20,0.05078125 
30,0.0390625 
40,0.03125 
50,0.03125 
60,0.01953125 
70,0.01953125 
80,0.01953125 
90,0.01171875 
100,0.01171875 
110,0.01171875 
120,0.01171875 
130,0.01171875 
140,0.01171875 
150,0.01171875 
160,0.01171875 
170,0.01171875 
180,0.01171875 
190,0.01171875 
200,0.01171875 
210,0.01171875 
220,0.01171875 
227,0.01171875 
