time,load@tsung_controller@ip-172-31-23-95 
0,0.0703125 
10,0.0703125 
20,0.0703125 
30,0.0703125 
40,0.0703125 
50,0.0703125 
60,0.0703125 
70,0.0703125 
80,0.0703125 
90,0.0703125 
100,0.0703125 
110,0.078125 
120,0.1484375 
130,0.2890625 
140,0.2890625 
150,0.2890625 
160,0.2890625 
170,0.2890625 
180,0.2890625 
190,0.2890625 
200,0.2890625 
210,0.2890625 
220,0.2890625 
227,0.2890625 
