time,load@tsung_controller@ip-172-31-23-95 
0,0.0703125 
10,0.05859375 
20,0.05078125 
30,0.0390625 
40,0.03125 
50,0.03125 
60,0.01953125 
70,0.01953125 
80,0.01953125 
90,0.01171875 
100,0.01171875 
110,0.078125 
120,0.1484375 
130,0.2890625 
140,0.23828125 
150,0.19921875 
160,0.171875 
170,0.1484375 
180,0.12109375 
190,0.1015625 
200,0.08984375 
210,0.0703125 
220,0.05859375 
227,0.05078125 
