time,cpu@tsung_controller@ip-172-31-29-192 
0,11.446038090759464 
10,1.2 
20,3.681592039800995 
30,0.6006006006006006 
40,0.3009027081243731 
50,0.30181086519114686 
60,0.8008008008008007 
70,0.9018036072144289 
80,0.9027081243731194 
90,0.6066734074823054 
100,1.6080402010050252 
110,1.4155712841253791 
120,1.812688821752266 
130,1.8054162487462388 
136,0.6018054162487462 
