time,cpu@tsung_controller@ip-172-31-29-192 
0,11.446038090759464 
10,1.2 
20,1.2 
30,0.6006006006006006 
40,0.3009027081243731 
50,0.3009027081243731 
60,0.3009027081243731 
70,0.3009027081243731 
80,0.3009027081243731 
90,0.3009027081243731 
100,0.3009027081243731 
110,0.3009027081243731 
120,0.3009027081243731 
130,0.3009027081243731 
136,0.3009027081243731 
