time,page 
0,98.71090671332458 
10,95.12833854794076 
20,89.95414126429996 
30,94.75103378204858 
40,96.52105705596168 
50,158.63151274153836 
60,103.97935803374588 
70,125.2571146297639 
80,164.23641940861947 
90,144.684860077454 
100,630.7721360140498 
110,964.8744219858621 
120,2396.8902125332147 
130,2018.188801362155 
136,0.5109042004532908 
