time,cpu@tsung_controller@ip-172-31-29-192 
0,11.446038090759464 
10,11.446038090759464 
20,11.446038090759464 
30,11.446038090759464 
40,11.446038090759464 
50,11.446038090759464 
60,11.446038090759464 
70,11.446038090759464 
80,11.446038090759464 
90,11.446038090759464 
100,11.446038090759464 
110,11.446038090759464 
120,11.446038090759464 
130,11.446038090759464 
136,11.446038090759464 
