time,cpu@tsung_controller@ip-172-31-22-251 
0,0.8384622474372497 
10,0.8384622474372497 
20,0.8384622474372497 
30,0.8384622474372497 
40,0.8384622474372497 
50,2.8942115768463075 
60,2.8942115768463075 
70,2.8942115768463075 
80,2.8942115768463075 
