time,cpu@tsung_controller@ip-172-31-22-251 
0,0.8384622474372497 
10,0.4008016032064128 
20,0.2004008016032064 
30,0.2004008016032064 
40,0.2004008016032064 
50,0.2004008016032064 
60,0.2004008016032064 
70,0.2004008016032064 
80,0.2004008016032064 
