time,load@tsung_controller@ip-172-31-22-251 
0,0.16015625 
10,0.12890625 
20,0.109375 
30,0.1015625 
40,0.078125 
50,0.0703125 
60,0.05859375 
70,0.05078125 
80,0.0390625 
