time,load@tsung_controller@ip-172-31-22-251 
0,0.16015625 
10,0.16015625 
20,0.16015625 
30,0.16015625 
40,0.16015625 
50,0.16015625 
60,0.16015625 
70,0.16015625 
80,0.16015625 
