time,connect,request 
0,3.299685846789054,2.6309389969248933 
10,0.29726647872742057,1.8099219900253505 
20,0.21608472875240395,1.855865995370743 
30,0.2926039131659042,1.5993672963597216 
40,0.25584567283862614,2.429080616202742 
50,0.5019103855510134,1.8149930863178632 
60,1.0335644978809582,2.265265166197799 
70,0.23126238530882143,2.186663205473334 
80,1.0780248113361455,2.2037777921760586 
