time,cpu@tsung_controller@ip-172-31-22-251 
0,0.8384622474372497 
10,0.4008016032064128 
20,0.2004008016032064 
30,0.5005005005005005 
40,0.7021063189568706 
50,2.8942115768463075 
60,0.8016032064128256 
70,1.3013013013013013 
80,1.3039117352056169 
