time,connect,request 
0,2.59625,8.353315789473683 
10,1.403875,7.421904761904761 
20,1.4037000000000002,7.7700312500000015 
30,1.3795000000000002,7.286603773584906 
40,1.2657894736842104,7.439258620689657 
50,1.4226818181818182,7.424666666666669 
60,1.4250967741935483,7.51853012048193 
70,1.2741578947368424,7.370839285714284 
80,1.4843695652173914,7.491210144927536 
