time,load@tsung_controller@ip-172-31-22-181 
0,0.0 
10,0.0 
20,0.0 
30,0.0 
40,0.0 
50,0.0 
60,0.0 
70,0.0 
80,0.078125 
90,0.0703125 
100,0.05859375 
110,0.05078125 
120,0.0390625 
130,0.26953125 
140,0.23046875 
150,0.19921875 
160,0.16015625 
170,0.140625 
180,0.12109375 
190,0.1015625 
200,0.078125 
210,0.0703125 
220,0.05859375 
230,0.05078125 
240,0.0390625 
250,0.03125 
258,0.03125 
