time,load@tsung_controller@ip-172-31-22-181 
0,0.08984375 
10,0.1484375 
20,0.12890625 
30,0.109375 
40,0.08984375 
50,0.078125 
60,0.0703125 
70,0.05859375 
80,0.05078125 
90,0.0390625 
100,0.03125 
110,0.03125 
120,0.01953125 
130,0.01953125 
140,0.01953125 
150,0.01171875 
160,0.01171875 
170,0.01171875 
180,0.01171875 
190,0.0 
200,0.0 
210,0.0 
220,0.0 
223,0.0 
