time,freemem@tsung_controller@ip-172-31-22-181 
0,3521.52734375 
10,3521.11328125 
20,3519.3671875 
30,3518.51953125 
40,3518.04296875 
50,3516.5390625 
60,3515.42578125 
70,3515.0234375 
80,3510.0234375 
90,3506.46484375 
100,3499.73046875 
110,3491.96484375 
120,3489.54296875 
130,3482.671875 
140,3480.6171875 
150,3484.01171875 
160,3484.00390625 
170,3485.25390625 
180,3485.32421875 
190,3485.3671875 
200,3485.37890625 
210,3485.21484375 
220,3485.65234375 
223,3485.66015625 
