time,load@tsung_controller@ip-172-31-30-247 
0,0.0703125 
10,0.05859375 
20,0.05078125 
30,0.0390625 
40,0.03125 
50,0.03125 
60,0.03125 
70,0.03125 
80,0.03125 
90,0.03125 
100,0.03125 
110,0.03125 
120,0.03125 
130,0.03125 
140,0.03125 
150,0.03125 
160,0.03125 
170,0.03125 
180,0.03125 
190,0.03125 
200,0.03125 
210,0.03125 
220,0.03125 
230,0.03125 
240,0.03125 
250,0.03125 
260,0.03125 
270,0.03125 
275,0.01953125 
