time,load@tsung_controller@ip-172-31-30-247 
0,0.0 
10,0.0 
20,0.0 
30,0.0703125 
40,0.0703125 
50,0.0703125 
60,0.0703125 
70,0.0703125 
80,0.0703125 
90,0.0703125 
100,0.0703125 
110,0.0703125 
120,0.0703125 
130,0.08984375 
140,0.08984375 
150,0.08984375 
160,0.08984375 
170,0.08984375 
180,0.08984375 
190,0.08984375 
200,0.08984375 
210,0.08984375 
220,0.08984375 
230,0.08984375 
240,0.08984375 
250,0.08984375 
260,0.08984375 
