time,load@tsung_controller@ip-172-31-30-247 
0,0.0 
10,0.0 
20,0.0 
30,0.0703125 
40,0.05859375 
50,0.05078125 
60,0.0390625 
70,0.0390625 
80,0.03125 
90,0.01953125 
100,0.01953125 
110,0.01953125 
120,0.01171875 
130,0.08984375 
140,0.078125 
150,0.05859375 
160,0.05078125 
170,0.05078125 
180,0.0390625 
190,0.03125 
200,0.03125 
210,0.01953125 
220,0.01953125 
230,0.01953125 
240,0.01171875 
250,0.01171875 
260,0.01171875 
