time,session 
0,13.3428 
10,10.056625000000002 
20,10.56816666666667 
30,10.606238095238096 
40,9.9845 
50,10.46421052631579 
60,10.115095238095238 
70,9.628864864864866 
80,9.714650000000002 
90,9.672571428571429 
100,9.66619718309859 
