time,load@tsung_controller@ip-172-31-22-251 
0,0.05078125 
10,0.0390625 
20,0.0390625 
30,0.03125 
40,0.01953125 
50,0.01953125 
60,0.01953125 
70,0.01171875 
80,0.01171875 
90,0.01171875 
100,0.01171875 
