time,page 
0,5.795950034291185 
10,0.9442834585017362 
20,1.3081237279019133 
30,2.263770234248473 
40,1.1543902459740378 
50,1.1989032199255791 
60,3.6192166818249496 
70,0.9986098855074301 
80,1.1346289003443366 
90,1.4023554407575216 
100,1.350422226424726 
