time,session 
0,6.491196219496065 
10,0.9585495471674897 
20,2.1954771627649006 
30,2.2590110753488464 
40,1.1367699195527652 
50,1.5708831769672345 
60,3.5259271040835003 
70,0.9893236062859873 
80,1.145452477189691 
90,1.3694033436592858 
100,1.621584103083262 
