time,load@tsung_controller@ip-172-31-22-251 
0,0.05078125 
10,0.05078125 
20,0.05078125 
30,0.05078125 
40,0.05078125 
50,0.05078125 
60,0.05078125 
70,0.05078125 
80,0.05078125 
90,0.05078125 
100,0.05078125 
