time,cpu@tsung_controller@ip-172-31-22-251 
0,1.859340535037611 
10,0.30060120240480964 
20,1.7999999999999998 
30,0.2004008016032064 
40,1.7034068136272544 
50,0.10030090270812438 
60,0.3 
70,1.809045226130653 
80,0.10050251256281408 
90,0.3009027081243731 
100,0.5025125628140703 
