time,connect,request 
0,4.969591287017474,5.795950034291185 
10,0.19239981159034433,0.9442834585017362 
20,0.9630587988279842,1.3081237279019133 
30,0.3385489510990241,2.263770234248473 
40,0.35052653251929444,1.1543902459740378 
50,0.29124883460111867,1.1989032199255791 
60,3.575242251932028,3.6192166818249496 
70,0.21009892622773038,0.9986098855074301 
80,0.2234645530337754,1.1346289003443366 
90,0.252932035139877,1.4023554407575216 
100,0.8312439566289183,1.350422226424726 
