time,connect,request 
0,3.0361999999999996,11.14 
10,1.3457499999999998,8.1355 
20,1.6745000000000003,8.304250000000001 
30,1.4491904761904766,8.692571428571428 
40,1.3935,8.0716 
50,1.4668947368421055,8.364263157894735 
60,1.8203000000000007,8.1849 
70,1.24118918918919,7.674162162162163 
80,1.2527857142857142,7.780857142857144 
90,1.2111600000000005,7.724266666666669 
100,1.2911111111111104,7.581430555555555 
