time,cpu@tsung_controller@ip-172-31-25-125 
0,2.0259871519030956 
10,2.0259871519030956 
20,2.0259871519030956 
30,2.0259871519030956 
40,2.0259871519030956 
50,2.708124373119358 
60,2.708124373119358 
70,3.196803196803197 
80,3.196803196803197 
90,3.196803196803197 
100,4.924623115577889 
110,4.924623115577889 
