time,cpu@tsung_controller@ip-172-31-25-125 
0,2.0259871519030956 
10,0.8 
20,0.4012036108324975 
30,0.4008016032064128 
40,0.4008016032064128 
50,0.4008016032064128 
60,0.4008016032064128 
70,0.4008016032064128 
80,0.4008016032064128 
90,0.4008016032064128 
100,0.4008016032064128 
110,0.4008016032064128 
