time,load@tsung_controller@ip-172-31-25-125 
0,0.0 
10,0.0 
20,0.0 
30,0.0 
40,0.0 
50,0.0 
60,0.0 
70,0.0 
80,0.078125 
90,0.0703125 
100,0.12890625 
110,0.109375 
