time,page 
0,171.7645531914894 
10,95.79222388059704 
20,108.51165306122451 
30,99.54556944444442 
40,337.5711603053436 
50,226.33962886597934 
60,272.3683591549295 
70,929.7514085365851 
80,2299.562429411767 
90,2150.6324761904775 
100,3144.3988000000013 
110,3591.2551859649093 
