time,load@tsung_controller@ip-172-31-30-247 
0,0.0703125 
10,0.05859375 
20,0.05078125 
30,0.0390625 
40,0.03125 
50,0.03125 
60,0.1796875 
70,0.1484375 
80,0.12890625 
90,0.109375 
100,0.08984375 
110,0.078125 
120,0.140625 
130,0.12109375 
140,0.25 
150,0.2109375 
160,0.1796875 
170,0.1484375 
180,0.12109375 
190,0.1015625 
200,0.08984375 
210,0.0703125 
220,0.05859375 
230,0.05078125 
240,0.0390625 
250,0.0390625 
260,0.03125 
270,0.03125 
275,0.01953125 
