time,load@tsung_controller@ip-172-31-17-70 
0,0.16015625 
10,0.12890625 
20,0.109375 
30,0.1015625 
40,0.078125 
50,0.0703125 
60,0.05859375 
70,0.05078125 
80,0.0390625 
90,0.109375 
100,0.1015625 
110,0.078125 
120,0.0703125 
130,0.05859375 
140,0.05078125 
150,0.0390625 
160,0.109375 
170,0.1015625 
180,0.078125 
190,0.0703125 
200,0.05859375 
210,0.05078125 
220,0.0390625 
230,0.03125 
240,0.03125 
250,0.01953125 
260,0.01953125 
